Date,First Run Time
2024-01-31,07:39:15
2024-02-01,07:31:20
2024-02-02,07:32:28
2024-02-03,10:13:24
2024-02-04,10:12:04
2024-02-05,08:39:06
2024-02-06,09:59:20
2024-02-07,09:41:49
2024-02-08,07:32:14
2024-02-09,07:32:27
2024-02-10,07:32:38
2024-02-11,07:34:19
2024-02-12,07:10:25
2024-02-13,07:31:04
2024-02-14,07:31:06
2024-02-15,07:30:53
2024-02-16,07:32:20
2024-02-17,07:31:07
2024-02-18,07:31:29
2024-02-19,07:31:20
2024-02-20,07:32:33
2024-02-21,07:25:40
2024-02-22,07:31:03
2024-02-23,07:30:47
2024-02-24,07:30:52
2024-02-25,07:31:04
2024-02-26,07:30:26
2024-02-27,08:04:13
2024-02-28,06:31:06
2024-02-29,06:32:13
2024-03-01,10:31:06
2024-03-02,10:35:07
2024-03-03,06:35:07
2024-03-04,08:20:46
2024-03-05,10:35:07
2024-03-06,06:35:46
2024-03-07,06:45:52
2024-03-08,08:16:37
2024-03-09,10:31:43
2024-03-10,06:31:43
2024-03-17,08:30:14
2024-03-20,09:18:48
